load,startDate,timeStep,units
1000,7/1/2015,Hourly,MWh
1082.394766,7/1/2015,,
952.2043198,7/1/2015,,
885.8727578,7/1/2015,,
955.1579885,7/1/2015,,
922.8635514,7/1/2015,,
959.9679538,7/1/2015,,
1072.329039,7/1/2015,,
995.8661044,7/1/2015,,
1004.435359,7/1/2015,,
1060.812571,7/1/2015,,
996.8117251,7/1/2015,,
1005.833574,7/1/2015,,
972.6537881,7/1/2015,,
1080.057712,7/1/2015,,
923.2008731,7/1/2015,,
965.8110569,7/1/2015,,
985.5032191,7/1/2015,,
915.4510041,7/1/2015,,
1007.316516,7/1/2015,,
914.6436732,7/1/2015,,
1000.126354,7/1/2015,,
890.2064254,7/1/2015,,
939.9916622,7/1/2015,,
976.1175146,7/2/2015,,
991.4963978,7/2/2015,,
979.7761754,7/2/2015,,
859.6127004,7/2/2015,,
1029.401428,7/2/2015,,
899.9973864,7/2/2015,,
983.389304,7/2/2015,,
1047.276576,7/2/2015,,
985.9717993,7/2/2015,,
860.4191405,7/2/2015, ,
928.0647012,7/2/2015,,
1061.431888,7/2/2015,,
931.3998408,7/2/2015,,
1093.41315,7/2/2015,,
1073.884502,7/2/2015,,
952.1426478,7/2/2015,,
986.6157536,7/2/2015,,
1054.225847,7/2/2015,,
975.1050143,7/2/2015,,
1059.944581,7/2/2015,,
998.8193621,7/2/2015,,
982.3963537,7/2/2015,,
981.8859066,7/2/2015,,
1085.516306,7/2/2015,,
788.7159087,7/3/2015,,
1153.787518,7/3/2015,,
1004.931846,7/3/2015,,
1020.36829,7/3/2015,,
1021.282131,7/3/2015,,
912.9907404,7/3/2015,,
953.607138,7/3/2015,,
963.932617,7/3/2015,,
1022.425738,7/3/2015,,
781.4743412,7/3/2015,,
957.9441116,7/3/2015,,
977.3070737,7/3/2015,,
899.6960843,7/3/2015,,
1096.590008,7/3/2015,,
1021.464265,7/3/2015,,
1003.197735,7/3/2015,,
980.9941967,7/3/2015,,
994.1880397,7/3/2015,,
1059.835833,7/3/2015,,
960.2074788,7/3/2015,,
1029.402976,7/3/2015,,
929.5307704,7/3/2015,,
1008.318411,7/3/2015,,
912.4679968,7/3/2015,,
1062.500913,7/4/2015,,
1072.617343,7/4/2015,,
1043.432402,7/4/2015,,
1039.193149,7/4/2015,,
1070.934356,7/4/2015,,
858.9720381,7/4/2015,,
1055.978215,7/4/2015,,
1000.651578,7/4/2015,,
1011.826834,7/4/2015,,
968.8533131,7/4/2015,,
1055.180318,7/4/2015,,
921.4352479,7/4/2015,,
1043.719691,7/4/2015,,
969.6356641,7/4/2015,,
1020.675588,7/4/2015,,
993.6928556,7/4/2015,,
1016.676911,7/4/2015,,
947.3045009,7/4/2015,,
918.4920169,7/4/2015,,
1126.585765,7/4/2015,,
967.0832087,7/4/2015,,
919.7816591,7/4/2015,,
1060.255752,7/4/2015,,
1039.113482,7/4/2015,,
1090.411343,7/5/2015,,
1127.594493,7/5/2015,,
865.5852933,7/5/2015,,
997.4623775,7/5/2015,,
923.2068657,7/5/2015,,
1053.155527,7/5/2015,,
1065.904328,7/5/2015,,
1021.726454,7/5/2015,,
1015.236866,7/5/2015,,
957.64985,7/5/2015,,
1023.003413,7/5/2015,,
924.7047208,7/5/2015,,
1114.597488,7/5/2015,,
910.4277316,7/5/2015,,
974.5740328,7/5/2015,,
1034.188749,7/5/2015,,
886.5838113,7/5/2015,,
1072.519923,7/5/2015,,
1032.342345,7/5/2015,,
1063.408133,7/5/2015,,
977.25819,7/5/2015,,
1161.546118,7/5/2015,,
1110.378814,7/5/2015,,
979.1655247,7/5/2015,,
993.2065468,7/6/2015,,
985.8839404,7/6/2015,,
902.9023289,7/6/2015,,
1087.111426,7/6/2015,,
898.3166088,7/6/2015,,
932.0991629,7/6/2015,,
967.9412143,7/6/2015,,
1013.403811,7/6/2015,,
917.4567255,7/6/2015,,
1137.772569,7/6/2015,,
1144.763035,7/6/2015,,
1007.29668,7/6/2015,,
1062.238004,7/6/2015,,
906.0238076,7/6/2015,,
937.6962872,7/6/2015,,
922.5547019,7/6/2015,,
1037.655935,7/6/2015,,
1007.845597,7/6/2015,,
1053.238427,7/6/2015,,
945.9411648,7/6/2015,,
1082.193553,7/6/2015,,
1015.988429,7/6/2015,,
1105.479595,7/6/2015,,
991.2549491,7/6/2015,,
890.007688,7/7/2015,,
941.2852395,7/7/2015,,
1083.201148,7/7/2015,,
888.8833018,7/7/2015,,
865.4240796,7/7/2015,,
914.2864029,7/7/2015,,
1017.169686,7/7/2015,,
1142.752032,7/7/2015,,
1013.699104,7/7/2015,,
1093.520149,7/7/2015,,
919.851171,7/7/2015,,
1046.805378,7/7/2015,,
979.869791,7/7/2015,,
1065.591571,7/7/2015,,
910.6905332,7/7/2015,,
1078.946817,7/7/2015,,
980.6207717,7/7/2015,,
1058.670557,7/7/2015,,
1011.833837,7/7/2015,,
846.0664645,7/7/2015,,
1033.019405,7/7/2015,,
936.5157369,7/7/2015,,
1038.158308,7/7/2015,,
1026.009759,7/7/2015,,
883.5153093,7/8/2015,,
883.1993016,7/8/2015,,
970.6348603,7/8/2015,,
946.6044767,7/8/2015,,
962.9744967,7/8/2015,,
993.1743002,7/8/2015,,
1012.872125,7/8/2015,,
860.316251,7/8/2015,,
972.5088506,7/8/2015,,
936.2082192,7/8/2015,,
1050.13127,7/8/2015,,
933.2439926,7/8/2015,,
1015.714828,7/8/2015,,
1069.435491,7/8/2015,,
1022.252876,7/8/2015,,
962.4947813,7/8/2015,,
899.5960129,7/8/2015,,
982.8386599,7/8/2015,,
978.3099395,7/8/2015,,
1002.564549,7/8/2015,,
1039.420645,7/8/2015,,
970.4839757,7/8/2015,,
1012.213371,7/8/2015,,
1025.277547,7/8/2015,,
999.1149791,7/9/2015,,
956.4674573,7/9/2015,,
937.4335049,7/9/2015,,
1024.034969,7/9/2015,,
1021.661266,7/9/2015,,
994.4221197,7/9/2015,,
1126.444024,7/9/2015,,
975.6267063,7/9/2015,,
1073.755016,7/9/2015,,
927.933279,7/9/2015,,
923.8820617,7/9/2015,,
927.5571343,7/9/2015,,
1108.607937,7/9/2015,,
927.5275728,7/9/2015,,
990.1471343,7/9/2015,,
950.0168381,7/9/2015,,
931.8850474,7/9/2015,,
1006.10357,7/9/2015,,
928.3721799,7/9/2015,,
979.3289285,7/9/2015,,
1164.866151,7/9/2015,,
1134.127825,7/9/2015,,
966.8119343,7/9/2015,,
984.449783,7/9/2015,,
949.6095202,7/10/2015,,
1004.445058,7/10/2015,,
1013.42989,7/10/2015,,
833.6030757,7/10/2015,,
1093.343089,7/10/2015,,
959.0950234,7/10/2015,,
1147.960622,7/10/2015,,
1050.995154,7/10/2015,,
1018.538127,7/10/2015,,
989.8555841,7/10/2015,,
905.1391359,7/10/2015,,
1054.006792,7/10/2015,,
1002.92734,7/10/2015,,
926.7869992,7/10/2015,,
920.4671504,7/10/2015,,
962.9459869,7/10/2015,,
886.7990531,7/10/2015,,
1115.113097,7/10/2015,,
965.7489741,7/10/2015,,
1047.571171,7/10/2015,,
1006.146532,7/10/2015,,
914.0262174,7/10/2015,,
1032.552313,7/10/2015,,
1003.626348,7/10/2015,,
981.6329751,7/11/2015,,
1048.118073,7/11/2015,,
939.1050746,7/11/2015,,
973.7589561,7/11/2015,,
958.8378022,7/11/2015,,
1195.969048,7/11/2015,,
1105.120233,7/11/2015,,
1045.087037,7/11/2015,,
973.775308,7/11/2015,,
1021.942502,7/11/2015,,
1051.192503,7/11/2015,,
1053.398801,7/11/2015,,
846.384951,7/11/2015,,
921.6467975,7/11/2015,,
1087.638116,7/11/2015,,
857.5029995,7/11/2015,,
920.3386674,7/11/2015,,
948.1373572,7/11/2015,,
914.8802207,7/11/2015,,
971.0054083,7/11/2015,,
1154.882977,7/11/2015,,
1028.934053,7/11/2015,,
1046.412215,7/11/2015,,
1067.337607,7/11/2015,,
1002.602027,7/12/2015,,
970.7647813,7/12/2015,,
1036.00725,7/12/2015,,
935.9230596,7/12/2015,,
985.0363808,7/12/2015,,
989.3331051,7/12/2015,,
900.3350302,7/12/2015,,
1034.8127,7/12/2015,,
919.005831,7/12/2015,,
980.9583838,7/12/2015,,
925.9929259,7/12/2015,,
948.7980459,7/12/2015,,
1091.709679,7/12/2015,,
1027.418487,7/12/2015,,
1125.309867,7/12/2015,,
990.209899,7/12/2015,,
883.052426,7/12/2015,,
1048.067229,7/12/2015,,
1018.768729,7/12/2015,,
1010.052603,7/12/2015,,
993.7529821,7/12/2015,,
810.2725089,7/12/2015,,
974.8752027,7/12/2015,,
1123.682011,7/12/2015,,
1014.992252,7/13/2015,,
1028.227833,7/13/2015,,
942.6927964,7/13/2015,,
885.2114762,7/13/2015,,
1004.913738,7/13/2015,,
884.6178259,7/13/2015,,
1045.110343,7/13/2015,,
941.9801245,7/13/2015,,
937.3560435,7/13/2015,,
1071.239788,7/13/2015,,
1026.448207,7/13/2015,,
876.9625864,7/13/2015,,
1014.325563,7/13/2015,,
974.4347027,7/13/2015,,
983.7511676,7/13/2015,,
995.9568942,7/13/2015,,
1113.164338,7/13/2015,,
1043.75007,7/13/2015,,
908.3374102,7/13/2015,,
1052.063123,7/13/2015,,
877.9835923,7/13/2015,,
975.3279162,7/13/2015,,
942.4699896,7/13/2015,,
1073.765059,7/13/2015,,
1055.658579,7/14/2015,,
917.1121756,7/14/2015,,
951.7100299,7/14/2015,,
1012.966196,7/14/2015,,
970.3072706,7/14/2015,,
983.7049655,7/14/2015,,
1094.795298,7/14/2015,,
987.8074155,7/14/2015,,
965.5159136,7/14/2015,,
927.5351351,7/14/2015,,
1031.682346,7/14/2015,,
973.2147665,7/14/2015,,
1107.524394,7/14/2015,,
999.241511,7/14/2015,,
1040.282671,7/14/2015,,
1075.953518,7/14/2015,,
978.6915126,7/14/2015,,
1001.246411,7/14/2015,,
1037.106194,7/14/2015,,
1072.805328,,,
1044.264759,,,
1057.352864,,,
1151.838517,,,
950.0353328,,,
985.7093822,,,
1023.641353,,,
1118.126698,,,
1046.598396,,,
1052.183678,,,
1021.216106,,,
1100.597468,,,
1140.629548,,,
965.5674016,,,
1174.139622,,,
967.816902,,,
971.2585337,,,
1017.373882,,,
1109.416491,,,
832.9744206,,,
898.1318754,,,
957.3083697,,,
891.3860737,,,
1010.682597,,,
988.3890256,,,
989.1439375,,,
933.1916643,,,
1044.289456,,,
901.0076082,,,
924.2889379,,,
1054.922981,,,
981.142298,,,
1001.448057,,,
1054.545312,,,
1030.173785,,,
979.942687,,,
884.6069837,,,
995.7461596,,,
1095.099768,,,
975.1670526,,,
884.3036582,,,
975.4645853,,,
1025.882551,,,
981.8343667,,,
1013.326996,,,
1011.679679,,,
1033.794422,,,
1098.808203,,,
945.4232283,,,
958.2674312,,,
884.2774916,,,
855.3606295,,,
994.1288598,,,
946.8854306,,,
879.3590901,,,
998.5823337,,,
1003.951202,,,
939.8266082,,,
905.4411434,,,
958.3122725,,,
1042.360805,,,
997.9730851,,,
1067.834753,,,
1087.763211,,,
1089.700514,,,
1101.14825,,,
1096.508312,,,
942.7332027,,,
1014.239429,,,
911.6777357,,,
1017.496288,,,
1003.311327,,,
948.504267,,,
984.0831833,,,
908.4918237,,,
926.3574314,,,
927.5276161,,,
1044.598391,,,
1043.102157,,,
1045.336119,,,
1088.308057,,,
1007.200171,,,
1095.113688,,,
1008.506916,,,
992.8991664,,,
910.5869795,,,
1070.8149,,,
976.225146,,,
995.3046383,,,
896.8119375,,,
1039.352693,,,
868.7451867,,,
1042.323594,,,
990.2310079,,,
969.1081566,,,
1170.912365,,,
965.8768303,,,
948.2488198,,,
1082.451274,,,
996.2875522,,,
988.5207177,,,
1068.73022,,,
925.6009818,,,
1126.118948,,,
966.6720723,,,
1012.133107,,,
987.104148,,,
1011.525466,,,
987.6893574,,,
996.4958816,,,
948.7721675,,,
936.4626307,,,
1061.74236,,,
1110.313766,,,
998.8998895,,,
979.6952586,,,
1013.903851,,,
971.6184589,,,
902.1512861,,,
1093.577493,,,
1097.315784,,,
1019.568342,,,
1004.941377,,,
1007.131793,,,
998.3023063,,,
989.1586511,,,
986.8183275,,,
1002.882174,,,
1013.574052,,,
944.1470411,,,
972.8512744,,,
1056.780528,,,
980.443624,,,
1057.556534,,,
960.9775261,,,
1063.611468,,,
922.8041607,,,
984.4953307,,,
1081.042837,,,
957.5148361,,,
970.1348418,,,
1010.46979,,,
912.3107198,,,
970.269741,,,
1119.424005,,,
1041.320758,,,
900.7912149,,,
975.8234901,,,
1028.227183,,,
1019.517999,,,
987.8869982,,,
959.9053488,,,
1120.60013,,,
962.8151707,,,
936.1417982,,,
972.6587171,,,
1029.360352,,,
1105.350747,,,
992.0534861,,,
992.3144144,,,
946.7039717,,,
993.5120501,,,
985.391809,,,
954.7982083,,,
988.2711056,,,
1051.717468,,,
1059.189595,,,
888.9613245,,,
1066.677563,,,
1135.192447,,,
1005.224679,,,
1057.911879,,,
1015.003792,,,
1021.415331,,,
958.3821628,,,
1030.799916,,,
1040.028039,,,
920.6706412,,,
1162.919941,,,
1027.60631,,,
965.6265824,,,
927.0593385,,,
1001.956078,,,
1112.306566,,,
1018.915652,,,
926.5187364,,,
1007.944097,,,
985.451328,,,
1100.926332,,,
973.4878168,,,
919.2269617,,,
908.2815566,,,
978.7670364,,,
1065.781269,,,
998.4318398,,,
1028.528631,,,
984.1585284,,,
997.3111721,,,
1043.197955,,,
1087.592959,,,
1102.906654,,,
993.6349514,,,
1103.467079,,,
1047.076973,,,
994.758686,,,
997.1031142,,,
1011.154768,,,
1059.922119,,,
910.5293644,,,
1084.186551,,,
1091.212615,,,
955.0462459,,,
1080.816993,,,
909.2881546,,,
1020.859258,,,
1040.939743,,,
1044.694477,,,
989.6715803,,,
1091.522517,,,
1047.21607,,,
954.4456624,,,
1007.624157,,,
1041.917515,,,
1143.19091,,,
902.5421511,,,
999.5952768,,,
1129.178754,,,
1063.065744,,,
963.2191532,,,
1083.524754,,,
945.4400744,,,
993.1397941,,,
901.9133184,,,
1033.790242,,,
1150.459352,,,
848.5978467,,,
1040.878821,,,
974.0467155,,,
988.0184282,,,
1005.877491,,,
948.7206372,,,
953.9020734,,,
995.8559906,,,
989.6875193,,,
1032.313385,,,
1079.343619,,,
1019.511529,,,
951.4686277,,,
1141.931059,,,
1037.183832,,,
1100.160368,,,
1076.206801,,,
908.0127892,,,
936.6170425,,,
933.7484778,,,
993.2848098,,,
1051.632653,,,
970.7496101,,,
975.7224595,,,
1020.833114,,,
989.7564715,,,
1030.700387,,,
1118.691868,,,
1083.088065,,,
1050.698848,,,
1050.767345,,,
961.1604592,,,
898.926417,,,
984.6759624,,,
1112.939865,,,
1013.912586,,,
1034.677193,,,
1163.204213,,,
989.5036322,,,
1049.0896,,,
1046.726412,,,
1052.063188,,,
826.0383928,,,
1018.67977,,,
922.4755021,,,
1039.199756,,,
1047.446643,,,
915.9756677,,,
1048.216945,,,
900.6372495,,,
996.1571396,,,
1026.633365,,,
1026.815401,,,
932.098311,,,
988.9049167,,,
999.8411711,,,
942.6541463,,,
1038.406658,,,
1132.227462,,,
1179.636383,,,
1095.268629,,,
993.4423397,,,
982.6224479,,,
1037.577768,,,
924.403722,,,
999.1668635,,,
1045.003188,,,
1140.007496,,,
905.5227331,,,
979.6153473,,,
1037.626608,,,
1037.745782,,,
940.2247459,,,
1064.418745,,,
1049.621114,,,
991.9955355,,,
939.111692,,,
979.2574443,,,
1046.98276,,,
1034.373041,,,
997.2831326,,,
949.183775,,,
1016.1435,,,
1051.071684,,,
995.0822396,,,
1091.972662,,,
906.6261208,,,
942.2692511,,,
1079.873837,,,
1028.5429,,,
1061.880685,,,
930.0489822,,,
889.4906491,,,
969.2923465,,,
1014.581695,,,
1005.457227,,,
998.4908433,,,
990.3931083,,,
975.5646254,,,
894.6586799,,,
954.8206617,,,
1089.455482,,,
941.1294325,,,
874.5723381,,,
1028.846523,,,
1004.586412,,,
1075.466342,,,
1012.889846,,,
934.9245498,,,
871.4073495,,,
972.7590112,,,
907.6798437,,,
1012.528475,,,
1160.367184,,,
997.8821718,,,
1058.561526,,,
1033.995108,,,
1109.321369,,,
1001.504283,,,
918.3743354,,,
875.2603228,,,
944.9062585,,,
1002.580427,,,
991.1483854,,,
1015.47889,,,
1156.249417,,,
947.1469011,,,
1041.04169,,,
968.484455,,,
905.7351655,,,
1013.405438,,,
1009.009812,,,
988.5573756,,,
1125.488291,,,
943.5114387,,,
1093.44381,,,
985.3244787,,,
1047.243641,,,
957.7468361,,,
930.5105318,,,
1082.840697,,,
1034.442329,,,
966.1507021,,,
1002.447671,,,
961.6311064,,,
913.1274068,,,
996.4932012,,,
1003.867525,,,
956.8072124,,,
985.9844047,,,
879.6359382,,,
1046.888059,,,
911.0122298,,,
981.1622666,,,
895.5709634,,,
1023.283769,,,
1006.089386,,,
894.4686792,,,
953.4056617,,,
984.3460851,,,
1139.989546,,,
1006.675264,,,
1047.417435,,,
1025.453356,,,
941.2816439,,,
1003.969229,,,
936.3094506,,,
963.8577781,,,
1166.514683,,,
1051.630491,,,
1020.817707,,,
984.1865155,,,
966.0708986,,,
1057.155017,,,
1019.464714,,,
843.6780718,,,
847.2518516,,,
924.104422,,,
921.3190382,,,
990.9491446,,,
1048.115359,,,
1002.030835,,,
968.595035,,,
1058.040058,,,
1078.382358,,,
993.6131174,,,
1011.187063,,,
995.5623709,,,
977.5850839,,,
1105.113946,,,
939.1324377,,,
979.2082561,,,
925.5225531,,,
1053.848126,,,
1021.831429,,,
1004.337967,,,
1019.783903,,,
1228.069193,,,
1057.249387,,,
992.0023608,,,
1094.785087,,,
960.709673,,,
1019.627743,,,
1069.299479,,,
1059.377192,,,
878.1041311,,,
972.6918458,,,
1043.936577,,,
982.3272397,,,
1092.770495,,,
819.1161052,,,
999.2134297,,,
959.4993807,,,
897.4958902,,,
1050.38988,,,
941.5882833,,,
1042.221408,,,
1014.075437,,,
1009.664513,,,
886.1492703,,,
1045.551624,,,
908.3853937,,,
877.5670112,,,
946.6954453,,,
968.3541074,,,
989.8559471,,,
1016.170602,,,
1100.090214,,,
1048.155048,,,
912.241445,,,
967.5962857,,,
1093.024163,,,
875.0193131,,,
945.3720107,,,
1108.177711,,,
883.7489132,,,
993.6156221,,,
1095.788649,,,
974.7352293,,,
967.4157564,,,
1025.859769,,,
1096.069191,,,
913.1282524,,,
1005.683499,,,
986.6635618,,,
876.0150338,,,
1019.137184,,,
1036.005504,,,
1050.749446,,,
945.4122979,,,
958.8953013,,,
1033.377786,,,
990.4880764,,,
932.1329953,,,
987.1669127,,,
965.8970881,,,
961.1227219,,,
906.005285,,,
1098.025045,,,
1164.096192,,,
1012.866242,,,
880.9302809,,,
990.6597602,,,
987.7570438,,,
989.903002,,,
969.6445388,,,
961.3530918,,,
1089.324737,,,
1052.631307,,,
1233.470577,,,
1056.011469,,,
1006.861079,,,
956.6705009,,,
1033.291616,,,
1021.829663,,,
899.1651304,,,
1074.593387,,,
1026.602296,,,
981.3176399,,,
956.6202244,,,
875.61465,,,
1062.083676,,,
992.3912453,,,
1030.9793,,,
1032.24559,,,
943.4111639,,,
1053.621539,,,
938.7532533,,,
1000.705615,,,
1001.351534,,,
999.1112933,,,
882.3398823,,,
906.1653221,,,
1011.331377,,,
985.4218735,,,
947.8082315,,,
960.9691184,,,
1093.496225,,,
1086.12636,,,
979.9914116,,,
1017.970762,,,
1030.574617,,,
909.6849981,,,
983.9575321,,,
1116.21954,,,
1058.749591,,,
862.4605363,,,
1089.88472,,,
802.7162368,,,
1123.448195,,,
952.7063922,,,
1001.561208,,,
840.6854006,,,
973.8164047,,,
962.2502993,,,
824.3509485,,,
1058.312456,,,
1008.672492,,,
1120.013808,,,
1008.388115,,,
942.345471,,,
1065.201918,,,
1048.360183,,,
964.462694,,,
1025.903817,,,
1064.704349,,,
1022.198097,,,
1014.468415,,,
935.6323468,,,
899.046903,,,
1123.291182,,,
906.1529578,,,
1044.638006,,,
926.7771942,,,
897.4980544,,,
949.1271562,,,
892.6849509,,,
964.9996914,,,
1074.94298,,,
982.3927188,,,
1033.673139,,,
987.8215787,,,
962.1033187,,,
1004.724517,,,
966.7145943,,,
951.338649,,,
959.9015942,,,
1039.905084,,,
1066.089599,,,
1034.284074,,,
1059.779455,,,
1026.15694,,,
972.4402239,,,
958.1637512,,,
1065.119243,,,
943.4594274,,,
992.8288559,,,
1092.600918,,,
921.6565625,,,
934.7599337,,,
980.1090189,,,
915.6962475,,,
1084.967828,,,
914.6188729,,,
954.1983743,,,
938.7881292,,,
970.7165368,,,
1055.866729,,,
1093.123103,,,
978.1932783,,,
997.6012888,,,
985.5593165,,,
980.9510037,,,
1072.76674,,,
877.4433462,,,
1022.859384,,,
1034.330553,,,
1016.908498,,,
981.815037,,,
954.7204651,,,
892.1831682,,,
1015.838322,,,
984.8183822,,,
1039.509312,,,
957.9953031,,,
884.0894442,,,
869.5117269,,,
850.8427539,,,
935.5910255,,,
1006.418453,,,
1044.242687,,,
850.0876717,,,
1002.398855,,,
1011.713151,,,
850.5666318,,,
1032.58049,,,
983.4600975,,,
880.1738849,,,
1105.163269,,,
884.3431919,,,
1036.12635,,,
1071.737242,,,
980.0802553,,,
1014.172427,,,
918.4601102,,,
1161.414361,,,
926.6895948,,,
1046.100952,,,
1068.284053,,,
1059.546605,,,
1028.885765,,,
1053.498078,,,
998.4647332,,,
1010.921394,,,
930.4989477,,,
938.5590654,,,
960.8436477,,,
1072.122476,,,
1071.420578,,,
927.6029323,,,
1000.813851,,,
902.2001448,,,
1110.497938,,,
897.1792432,,,
1039.540009,,,
1011.797829,,,
987.5977917,,,
1017.595865,,,
925.0648586,,,
985.4784965,,,
1094.505448,,,
967.337279,,,
1012.792589,,,
1097.238428,,,
1037.911316,,,
1034.314055,,,
945.8444277,,,
903.6737582,,,
1022.949003,,,
1064.564474,,,
803.8242664,,,
822.1388645,,,
1084.634317,,,
900.6019186,,,
1092.123716,,,
970.850077,,,
969.4806936,,,
1043.032446,,,
932.9056168,,,
1013.847073,,,
1154.13764,,,
912.4521918,,,
868.0312784,,,
912.5279135,,,
998.7856631,,,
1062.663399,,,
1024.277222,,,
887.2519952,,,
895.3055374,,,
979.0108486,,,
898.87119,,,
1053.895993,,,
946.8815836,,,
1062.392989,,,
838.9544107,,,
994.9072691,,,
1122.174765,,,
1057.678523,,,
993.7662349,,,
1067.168268,,,
1076.48878,,,
967.2385918,,,
984.1153673,,,
1008.347471,,,
967.2011012,,,
876.6013948,,,
959.5951046,,,
917.7236947,,,
928.1924714,,,
1035.326499,,,
1122.918847,,,
1082.800248,,,
899.160521,,,
1091.548362,,,
1003.520263,,,
1002.781399,,,
1119.145901,,,
973.2700703,,,
1060.253987,,,
887.5676791,,,
1015.344132,,,
1076.708192,,,
1049.087904,,,
1113.139794,,,
966.2005823,,,
896.9859678,,,
1077.734407,,,
965.7820842,,,
1062.875016,,,
1105.852748,,,
968.7419247,,,
898.5758783,,,
962.8538997,,,
996.4958932,,,
994.3379052,,,
1113.666192,,,
1008.171444,,,
1108.78197,,,
965.0502969,,,
1047.266074,,,
1008.19117,,,
1054.236032,,,
1020.053725,,,
986.7303375,,,
992.4712021,,,
1008.953212,,,
888.6302535,,,
981.5682785,,,
1288.623967,,,
1117.39614,,,
1067.261936,,,
1025.156456,,,
1074.46399,,,
927.5182268,,,
899.9475862,,,
998.0039592,,,
990.175766,,,
1005.846091,,,
997.3848818,,,
1051.795052,,,
938.0883007,,,
994.0277724,,,
1045.225876,,,
1024.410136,,,
1166.079719,,,
1095.885418,,,
1103.861593,,,
1043.85388,,,
1073.767371,,,
945.9194204,,,
964.6108713,,,
949.5051589,,,
1042.860892,,,
1048.493971,,,
981.0806566,,,
990.6813975,,,
911.5712235,,,
1025.468624,,,
999.3468443,,,
870.5842331,,,
1101.975245,,,
1060.978828,,,
1050.725552,,,
1032.867549,,,
1035.988881,,,
1012.008223,,,
964.6731144,,,
892.2528852,,,
1055.477523,,,
956.0246741,,,
956.7614169,,,
1031.433681,,,
1173.181396,,,
1078.138393,,,
951.7280571,,,
1093.302587,,,
1023.593134,,,
850.8847814,,,
858.119021,,,
862.9136155,,,
1115.123107,,,
947.2498834,,,
976.0980027,,,
960.883119,,,
1065.236621,,,
1033.623227,,,
993.5269448,,,
944.7472618,,,
1037.978809,,,
1122.150779,,,
995.4991877,,,
1158.179334,,,
1127.995687,,,
1006.668625,,,
1089.765256,,,
963.414974,,,
936.4410937,,,
994.6297249,,,
928.0854891,,,
929.7425046,,,
865.6007693,,,
999.5922758,,,
918.5529449,,,
981.2241081,,,
990.2498678,,,
958.1101842,,,
1050.898007,,,
1026.7202,,,
1012.602772,,,
1035.17691,,,
909.2496431,,,
1089.051139,,,
942.7083721,,,
977.0354429,,,
924.3011782,,,
861.7266407,,,
953.195651,,,
1045.97271,,,
1128.40823,,,
1062.872332,,,
1047.996828,,,
1030.702659,,,
984.5792793,,,
1054.5941,,,
1045.712159,,,
1053.039438,,,
1027.180654,,,
965.8636504,,,
1023.67598,,,
974.2059331,,,
1006.914237,,,
907.3539192,,,
989.7225698,,,
971.0878037,,,
958.9778997,,,
901.9793816,,,
936.4244167,,,
1076.452313,,,
1020.101503,,,
833.6066754,,,
998.0988729,,,
984.9354573,,,
978.1544554,,,
1018.019144,,,
966.5750072,,,
976.50383,,,
1059.697549,,,
989.9504195,,,
958.9222797,,,
1077.237752,,,
916.7700901,,,
1027.26382,,,
1031.325835,,,
964.00318,,,
1120.407721,,,
998.9931724,,,
959.6018568,,,
935.3788417,,,
995.7968871,,,
1058.696876,,,
1043.382733,,,
1009.314149,,,
1028.994031,,,
1002.281031,,,
977.194489,,,
918.233752,,,
897.2241172,,,
988.6498041,,,
963.0849984,,,
1006.718222,,,
1011.141049,,,
886.5896367,,,
1003.839695,,,
1024.353166,,,
976.8980412,,,
1064.102916,,,
1157.172038,,,
1059.816732,,,
1007.243822,,,
1093.523131,,,
1034.103073,,,
1077.516421,,,
969.986761,,,
956.4061964,,,
983.4957007,,,
1144.562661,,,
1111.89898,,,
992.325177,,,
1079.003302,,,
975.0948358,,,
895.0260509,,,
914.3000595,,,
998.879761,,,
927.2501936,,,
1036.84753,,,
972.9442765,,,
928.8139089,,,
897.0870926,,,
885.505466,,,
1067.543123,,,
1075.058008,,,
1027.620259,,,
1031.259599,,,
1084.352381,,,
1027.351106,,,
1032.841693,,,
849.8110766,,,
986.1135312,,,
940.6761321,,,
1040.222386,,,
1013.402034,,,
1001.032965,,,
907.2762444,,,
1090.870064,,,
1077.569445,,,
971.4060621,,,
949.72982,,,
1018.463661,,,
1149.829147,,,
981.5703009,,,
924.4691197,,,
888.0765625,,,
899.5485735,,,
971.9088984,,,
1081.77234,,,
1065.488001,,,
952.3540573,,,
1110.375818,,,
1025.732492,,,
897.4851872,,,
943.9845486,,,
1081.234861,,,
1050.162582,,,
915.295211,,,
994.9679239,,,
959.7672718,,,
1030.943108,,,
1007.079695,,,
1034.44347,,,
1010.758359,,,
1015.218703,,,
1043.154876,,,
1017.872794,,,
978.2845829,,,
1003.992825,,,
946.4926945,,,
1180.634144,,,
959.8386312,,,
1071.957437,,,
1041.831502,,,
1010.705714,,,
954.4477243,,,
962.7106417,,,
1022.623226,,,
1066.494333,,,
993.8204357,,,
983.6120764,,,
1075.888657,,,
1009.281348,,,
1003.216279,,,
958.9483772,,,
1041.342391,,,
1003.555724,,,
973.7559864,,,
935.6153314,,,
1046.711064,,,
975.5909659,,,
1018.073509,,,
958.5617559,,,
911.0374884,,,
1058.48028,,,
946.1815182,,,
851.2477803,,,
1034.740301,,,
941.6905479,,,
858.5705079,,,
1053.102908,,,
977.3877561,,,
1085.064162,,,
1054.294997,,,
831.4652804,,,
970.607718,,,
1058.916648,,,
995.8605786,,,
992.2797595,,,
995.7761754,,,
937.5920071,,,
1016.82816,,,
1003.008556,,,
955.6119114,,,
1076.174242,,,
1141.292043,,,
910.446009,,,
1031.686975,,,
984.9230423,,,
1016.295545,,,
1034.64153,,,
1055.658976,,,
1028.669249,,,
1020.888453,,,
942.4553412,,,
978.3536705,,,
931.0850553,,,
1000.527927,,,
917.2962319,,,
1004.564227,,,
1039.968717,,,
1028.929324,,,
874.20357,,,
902.5530674,,,
1075.031306,,,
1001.779306,,,
1023.238495,,,
967.107424,,,
1004.395983,,,
1059.041431,,,
1040.765465,,,
894.7741951,,,
978.3442235,,,
848.7304029,,,
907.7497013,,,
1020.687069,,,
1048.731986,,,
1019.870553,,,
1057.315621,,,
1012.52976,,,
995.5348496,,,
922.4501767,,,
918.8734317,,,
938.0970869,,,
1065.071538,,,
1095.812408,,,
986.1035659,,,
989.5048248,,,
1053.146612,,,
1045.469729,,,
936.9431876,,,
941.4995482,,,
1060.287018,,,
991.3404044,,,
1065.833718,,,
923.7253667,,,
1057.074039,,,
945.6497911,,,
1038.75615,,,
893.2348098,,,
870.5029848,,,
1016.04201,,,
1005.025045,,,
865.5844816,,,
959.7873843,,,
1056.289384,,,
980.6554841,,,
951.2178185,,,
1140.185507,,,
975.5197594,,,
1090.614213,,,
957.2353711,,,
917.0041689,,,
903.4128042,,,
1013.752361,,,
1012.283202,,,
1057.69564,,,
957.4455826,,,
918.7374673,,,
975.5155284,,,
987.1382044,,,
1002.970294,,,
1029.647282,,,
1048.952902,,,
907.4447212,,,
999.7699347,,,
1034.136789,,,
943.9068666,,,
1020.60462,,,
1021.892118,,,
925.0562531,,,
956.8393172,,,
1026.450067,,,
973.3503578,,,
897.2349577,,,
965.4185425,,,
996.0752652,,,
994.2054051,,,
980.963769,,,
1096.783894,,,
1034.206473,,,
1038.994994,,,
1008.522259,,,
988.6644941,,,
1019.136032,,,
1107.274239,,,
1003.454423,,,
1055.097575,,,
1045.117749,,,
1032.878525,,,
926.8681137,,,
1093.910483,,,
1045.417178,,,
1016.984601,,,
1005.851126,,,
1008.69322,,,
959.0855417,,,
1051.462713,,,
1169.064844,,,
973.5992655,,,
1061.983467,,,
912.7667549,,,
906.7629971,,,
1006.428544,,,
898.2439395,,,
1016.742197,,,
958.5375811,,,
832.1291251,,,
984.6648067,,,
960.5252718,,,
895.3914565,,,
997.465051,,,
1027.013017,,,
967.1496892,,,
1123.411256,,,
933.5852141,,,
1017.527009,,,
910.1725443,,,
861.1784132,,,
939.1823458,,,
1025.144947,,,
1033.651685,,,
923.5824804,,,
1055.006782,,,
885.8260209,,,
1031.277613,,,
1125.823536,,,
1041.25444,,,
1061.966718,,,
1024.909432,,,
942.1334693,,,
1054.471209,,,
911.9362934,,,
1174.221559,,,
995.0084441,,,
982.6711247,,,
935.1679567,,,
1062.525223,,,
982.2866479,,,
985.547677,,,
1045.016549,,,
1042.288329,,,
1043.695608,,,
1130.934705,,,
1057.800954,,,
996.0927586,,,
1039.715071,,,
968.9140336,,,
1031.978573,,,
1124.353951,,,
1053.351117,,,
935.3403272,,,
1089.784221,,,
991.9837921,,,
1052.113302,,,
888.9261883,,,
939.1437095,,,
1132.791995,,,
1033.593271,,,
1019.315938,,,
1016.450651,,,
1059.417942,,,
1102.385467,,,
918.6625285,,,
932.8074376,,,
836.1203865,,,
1100.849139,,,
1019.911294,,,
1023.532638,,,
916.483129,,,
992.4000074,,,
1069.159618,,,
1004.945727,,,
974.0608652,,,
842.2915939,,,
947.8649639,,,
1011.935169,,,
1092.190693,,,
937.9716477,,,
1037.9644,,,
1098.691203,,,
987.8102496,,,
936.2473088,,,
926.7123453,,,
839.7771184,,,
1000.898823,,,
1019.898871,,,
957.1664032,,,
1077.304835,,,
1108.95421,,,
984.2187611,,,
1097.714536,,,
1134.227593,,,
976.8898629,,,
1066.702344,,,
1071.283885,,,
964.7797753,,,
1109.478385,,,
978.9094824,,,
943.3985517,,,
991.7182332,,,
1051.066841,,,
1036.22301,,,
962.3434987,,,
923.5969929,,,
1084.079783,,,
1084.85633,,,
988.3897504,,,
1015.691766,,,
1065.648775,,,
978.0324901,,,
975.7602126,,,
959.5951777,,,
1048.07068,,,
1033.411473,,,
1029.177112,,,
893.4895014,,,
1036.148553,,,
970.3182094,,,
986.2337957,,,
1008.837052,,,
1131.255376,,,
1005.219908,,,
990.5333197,,,
1028.64875,,,
1109.243946,,,
1029.775359,,,
946.6849632,,,
979.5490814,,,
909.9215947,,,
928.8232021,,,
1056.746381,,,
1076.496509,,,
1040.650731,,,
895.5821787,,,
1046.668634,,,
999.7118848,,,
1126.539596,,,
1105.708453,,,
1042.768384,,,
1096.987195,,,
983.4134214,,,
1085.566697,,,
975.2435084,,,
968.085947,,,
1083.667278,,,
927.0088223,,,
936.4068798,,,
987.6066594,,,
997.1348922,,,
1019.887378,,,
1010.270059,,,
902.8004211,,,
1026.890739,,,
949.1657855,,,
992.3332543,,,
1020.904636,,,
983.0495293,,,
1100.233401,,,
898.8185145,,,
1013.97758,,,
1074.971846,,,
1136.297675,,,
831.0745154,,,
1053.725816,,,
912.0838044,,,
954.1877929,,,
808.7689621,,,
1033.789043,,,
1056.863123,,,
1000.00328,,,
898.522434,,,
969.6769133,,,
858.5950682,,,
1093.805951,,,
992.148526,,,
1092.263996,,,
1050.002477,,,
1013.956891,,,
1067.438673,,,
887.8340983,,,
1073.367598,,,
1089.588549,,,
1010.549741,,,
974.3187131,,,
973.8902346,,,
1006.160037,,,
988.5233768,,,
1085.722965,,,
1011.68312,,,
966.5998079,,,
975.6162284,,,
1128.65183,,,
992.7318571,,,
965.6002479,,,
985.8240417,,,
1114.262847,,,
980.5328682,,,
1049.190655,,,
1064.714064,,,
1000.347741,,,
1055.844447,,,
1217.539234,,,
846.1458438,,,
948.9122224,,,
873.2532259,,,
1025.757161,,,
1039.654357,,,
946.6921381,,,
948.9912557,,,
1009.775149,,,
954.7475806,,,
943.5147973,,,
922.3302107,,,
947.1253347,,,
941.3358546,,,
1063.883377,,,
991.6827182,,,
1026.353862,,,
1065.499912,,,
989.5458516,,,
1090.203563,,,
1080.950988,,,
1034.881461,,,
983.3565063,,,
1047.572033,,,
881.3107321,,,
995.6031756,,,
1084.738852,,,
928.6756094,,,
1073.85705,,,
933.4625778,,,
1088.987217,,,
971.3688529,,,
1034.581791,,,
906.8158033,,,
919.9937471,,,
935.1857169,,,
941.1814623,,,
971.7055218,,,
1026.062291,,,
1164.939723,,,
966.889615,,,
915.705332,,,
963.6298011,,,
996.3974778,,,
1091.478452,,,
954.285652,,,
948.0295732,,,
1044.144585,,,
1008.846673,,,
1049.837152,,,
875.3251311,,,
984.2323141,,,
924.7400795,,,
921.6716878,,,
902.368972,,,
1046.285043,,,
984.3595059,,,
926.1653595,,,
1029.609127,,,
1147.276516,,,
1099.979063,,,
1087.556182,,,
1156.458611,,,
990.8379523,,,
1110.544332,,,
818.2277565,,,
1061.210382,,,
1007.754392,,,
1151.517761,,,
1077.358529,,,
938.2421796,,,
995.0831471,,,
1188.554208,,,
961.4145277,,,
1062.184786,,,
970.1454648,,,
997.128086,,,
917.3411888,,,
1004.123506,,,
1067.345994,,,
996.3473589,,,
880.6396417,,,
1031.011683,,,
1025.284721,,,
1018.201148,,,
1073.264752,,,
1067.194573,,,
928.899674,,,
934.9566526,,,
1015.989885,,,
913.7911607,,,
934.9961406,,,
1065.845136,,,
1117.79498,,,
894.7507233,,,
818.9465578,,,
865.4662417,,,
1039.422822,,,
943.1841534,,,
1006.159615,,,
1058.917535,,,
1012.755295,,,
990.0910889,,,
959.685806,,,
1211.421676,,,
962.905306,,,
1056.011703,,,
1057.334047,,,
1060.870629,,,
897.8806564,,,
967.2104722,,,
996.1330591,,,
996.5480329,,,
1049.944078,,,
895.7763173,,,
1017.444011,,,
923.9760812,,,
941.3254392,,,
995.5415986,,,
938.5004799,,,
856.5777725,,,
1085.957155,,,
879.7147483,,,
935.3312645,,,
1079.074798,,,
996.660905,,,
962.0385324,,,
1020.378398,,,
1018.187655,,,
977.7627273,,,
1033.595543,,,
1025.956842,,,
1011.134206,,,
994.6175602,,,
1209.401268,,,
959.4418184,,,
1067.615493,,,
1052.185464,,,
1054.861807,,,
999.509334,,,
1081.73207,,,
1020.412091,,,
971.1501812,,,
997.4381627,,,
1055.6499,,,
931.8945137,,,
1036.444262,,,
886.3399934,,,
913.1867685,,,
1022.854299,,,
995.2117283,,,
960.9318639,,,
1149.405642,,,
882.6144544,,,
1086.242957,,,
1018.103087,,,
889.7974462,,,
1024.06673,,,
949.1571492,,,
925.7401387,,,
1062.373319,,,
961.8636349,,,
1124.749687,,,
1055.493154,,,
948.5933505,,,
974.6148764,,,
967.7677811,,,
1112.276996,,,
952.857667,,,
958.8455657,,,
1015.410111,,,
1015.463858,,,
1075.778338,,,
1004.863679,,,
932.9960028,,,
974.1766436,,,
984.5445021,,,
1083.251663,,,
955.6646453,,,
1061.737959,,,
1172.120383,,,
1061.441677,,,
1010.552232,,,
1044.725061,,,
928.8212282,,,
955.739508,,,
1049.961521,,,
932.4345801,,,
1038.295584,,,
991.8143276,,,
1003.503617,,,
913.1328473,,,
1074.100756,,,
1024.517351,,,
891.6369459,,,
843.6870143,,,
1168.959934,,,
975.376294,,,
894.662742,,,
1094.048473,,,
1019.039278,,,
1069.929469,,,
1050.444941,,,
1017.216427,,,
959.0020205,,,
1052.739852,,,
936.7309034,,,
1059.720942,,,
1082.208118,,,
1031.715643,,,
1012.549083,,,
1102.562099,,,
1059.648381,,,
1060.397717,,,
874.6600556,,,
916.2334855,,,
1152.753578,,,
884.0988662,,,
1031.793669,,,
999.5880019,,,
1080.182035,,,
1026.819874,,,
988.8767941,,,
976.8337519,,,
923.8680349,,,
1020.711206,,,
914.7153137,,,
993.0699085,,,
983.3840547,,,
926.593247,,,
927.0578047,,,
1001.33301,,,
1018.274533,,,
893.0376206,,,
1000.663862,,,
947.4768456,,,
1067.189072,,,
966.4810453,,,
1021.68316,,,
1100.78015,,,
1089.874701,,,
886.4636124,,,
1080.228621,,,
1079.448467,,,
1005.190748,,,
1116.354391,,,
870.7329599,,,
1067.91463,,,
1069.214781,,,
960.8006239,,,
1029.294186,,,
1086.87387,,,
918.888042,,,
888.001801,,,
1060.608963,,,
1068.785603,,,
980.6976343,,,
1022.247491,,,
1092.434198,,,
1011.664368,,,
1019.667075,,,
1019.724442,,,
956.909909,,,
1059.613804,,,
983.7179107,,,
934.9499892,,,
877.9685492,,,
882.3674851,,,
963.5947587,,,
1139.48367,,,
975.3293122,,,
1081.399592,,,
961.4238151,,,
1001.067693,,,
1119.876712,,,
933.9983713,,,
942.1080518,,,
1075.555418,,,
996.2629658,,,
983.5305574,,,
1125.968463,,,
1088.303301,,,
1066.503037,,,
938.3486641,,,
1040.442944,,,
1064.335594,,,
903.7800774,,,
1118.427563,,,
961.7622611,,,
905.9880892,,,
870.4279101,,,
1011.239407,,,
907.2255568,,,
1091.28518,,,
858.6423676,,,
944.0233814,,,
1009.99687,,,
925.1355068,,,
875.2848145,,,
1021.911789,,,
1010.151249,,,
943.9541681,,,
986.0902845,,,
980.5522908,,,
941.7613666,,,
896.3993458,,,
872.6208715,,,
1104.149195,,,
1029.321041,,,
1109.162946,,,
1011.252377,,,
987.0878229,,,
1054.130393,,,
947.2217004,,,
1102.582854,,,
1075.48743,,,
1042.816094,,,
921.4706183,,,
1198.849223,,,
1039.267045,,,
1032.514875,,,
950.2051781,,,
1070.030754,,,
1056.695151,,,
1034.095322,,,
958.3628054,,,
1147.661062,,,
986.99164,,,
926.0573369,,,
989.5996175,,,
1035.616195,,,
1044.579539,,,
1095.89514,,,
1014.07232,,,
925.0361147,,,
1034.726286,,,
998.5604591,,,
931.8659312,,,
928.6035979,,,
919.0288349,,,
979.3343692,,,
853.4665458,,,
1010.065108,,,
973.4878563,,,
1132.318946,,,
1153.465461,,,
1087.679732,,,
918.2516291,,,
1151.809446,,,
1043.927669,,,
1096.922768,,,
1079.516717,,,
1004.848133,,,
1161.922017,,,
845.2398912,,,
1025.001893,,,
981.4027712,,,
969.7606085,,,
1075.911483,,,
1011.767392,,,
925.5723715,,,
904.6241812,,,
988.3074228,,,
968.0516452,,,
998.2731948,,,
1026.061814,,,
850.6933463,,,
1073.287727,,,
1105.091741,,,
973.9307759,,,
1017.765192,,,
940.0253316,,,
1056.648155,,,
1044.781684,,,
1044.665504,,,
1027.431627,,,
998.6894091,,,
948.826795,,,
1105.938422,,,
1016.563101,,,
936.2282311,,,
1043.499627,,,
1022.484687,,,
1000.763064,,,
1064.753569,,,
926.3812932,,,
1005.754583,,,
891.1947551,,,
1098.612244,,,
975.652763,,,
1065.102159,,,
995.0920445,,,
1064.081997,,,
1005.503588,,,
1038.491781,,,
1106.178038,,,
947.2319692,,,
948.8811615,,,
938.4849764,,,
982.4075765,,,
1032.184674,,,
1032.963029,,,
980.2051818,,,
958.387022,,,
1035.233597,,,
961.6793532,,,
